<?xml version="1.0" encoding="UTF-8"?>
<project-private xmlns="http://www.netbeans.org/ns/project-private/1">
    <editor-bookmarks xmlns="http://www.netbeans.org/ns/editor-bookmarks/2" lastBookmarkId="0"/>
    <open-files xmlns="http://www.netbeans.org/ns/projectui-open-files/2">
        <group>
            <file>file:/C:/Users/abcxy/OneDrive%20-%20Hoc%20vien%20Ky%20thuat%20mat%20ma/Documents/NetBeansProjects/ProjectA/src/projecta/ProjectA.java</file>
            <file>file:/C:/Users/abcxy/OneDrive%20-%20Hoc%20vien%20Ky%20thuat%20mat%20ma/Documents/NetBeansProjects/ProjectA/src/projecta/MatHang.java</file>
            <file>file:/C:/Users/abcxy/OneDrive%20-%20Hoc%20vien%20Ky%20thuat%20mat%20ma/Documents/NetBeansProjects/ProjectA/src/projecta/DoUong.java</file>
            <file>file:/C:/Users/abcxy/OneDrive%20-%20Hoc%20vien%20Ky%20thuat%20mat%20ma/Documents/NetBeansProjects/ProjectA/src/projecta/MonAn.java</file>
            <file>file:/C:/Users/abcxy/OneDrive%20-%20Hoc%20vien%20Ky%20thuat%20mat%20ma/Documents/NetBeansProjects/ProjectA/src/projecta/Information.java</file>
        </group>
    </open-files>
</project-private>
