<?xml version="1.0" encoding="UTF-8"?>
<project-private xmlns="http://www.netbeans.org/ns/project-private/1">
    <editor-bookmarks xmlns="http://www.netbeans.org/ns/editor-bookmarks/2" lastBookmarkId="0"/>
    <open-files xmlns="http://www.netbeans.org/ns/projectui-open-files/2">
        <group>
            <file>file:/C:/Users/abcxy/OneDrive/Attachments/hello%20to%20java/QuanLyNhanVienKFC/src/quanlynhanvienkfc/NhanVien.java</file>
            <file>file:/C:/Users/abcxy/OneDrive/Attachments/hello%20to%20java/QuanLyNhanVienKFC/src/quanlynhanvienkfc/NhanVienThuNgan.java</file>
            <file>file:/C:/Users/abcxy/OneDrive/Attachments/hello%20to%20java/QuanLyNhanVienKFC/src/quanlynhanvienkfc/NhanVienBep.java</file>
            <file>file:/C:/Users/abcxy/OneDrive/Attachments/hello%20to%20java/QuanLyNhanVienKFC/src/quanlynhanvienkfc/ManagmentEmployee.java</file>
        </group>
    </open-files>
</project-private>
